-- phpMyAdmin SQL Dump
-- version 5.2.1
-- https://www.phpmyadmin.net/
--
-- Máy chủ: 127.0.0.1
-- Thời gian đã tạo: Th8 19, 2025 lúc 06:53 PM
-- Phiên bản máy phục vụ: 10.4.32-MariaDB
-- Phiên bản PHP: 8.2.12

SET SQL_MODE = "NO_AUTO_VALUE_ON_ZERO";
START TRANSACTION;
SET time_zone = "+00:00";


/*!40101 SET @OLD_CHARACTER_SET_CLIENT=@@CHARACTER_SET_CLIENT */;
/*!40101 SET @OLD_CHARACTER_SET_RESULTS=@@CHARACTER_SET_RESULTS */;
/*!40101 SET @OLD_COLLATION_CONNECTION=@@COLLATION_CONNECTION */;
/*!40101 SET NAMES utf8mb4 */;

--
-- Cơ sở dữ liệu: `busbooking`
--

-- --------------------------------------------------------

--
-- Cấu trúc bảng cho bảng `account`
--

CREATE TABLE `account` (
  `id` int(11) NOT NULL,
  `created_at` datetime(6) DEFAULT NULL,
  `email` varchar(255) DEFAULT NULL,
  `password` varchar(255) DEFAULT NULL,
  `status` int(11) NOT NULL,
  `updated_at` datetime(6) DEFAULT NULL,
  `role` int(11) DEFAULT NULL
) ENGINE=InnoDB DEFAULT CHARSET=utf8mb4 COLLATE=utf8mb4_general_ci;

--
-- Đang đổ dữ liệu cho bảng `account`
--

INSERT INTO `account` (`id`, `created_at`, `email`, `password`, `status`, `updated_at`, `role`) VALUES
(1, '2025-08-07 14:39:13.000000', 'taixe1@gmail.com', '$2a$10$aHoHQVDzSyRwaRwUcDxbOe85hqaD0RLTYhi6yxMk6Ip2b9BY3KLPC', 1, '2025-08-07 14:39:13.000000', 2),
(2, '2025-08-07 14:39:43.000000', 'taixe2@gmail.com', '$2a$10$i8In2T0m5gcl0um3PVlVW.9BrtVosTFg2taQWpkpZs6LhINmllX86', 1, '2025-08-13 22:16:38.000000', 2),
(4, '2025-08-07 14:40:06.000000', 'taixe3@gmail.com', '$2a$10$gd1X.YPXknJA8.YFvt5pG.CoDyi6t7foN/0QQmo74EHzymeWB2vM6', 1, '2025-08-07 14:40:06.000000', 2),
(5, '2025-08-07 14:47:09.000000', 'phantienwk@gmail.com', '$2a$10$.t5Mg.361uvgifNh5Pw1uO2KwZdPHWF5uFzVpkUB/3XvsQXJ1gII6', 1, '2025-08-07 14:47:09.000000', 1),
(15, '2025-08-09 16:53:14.000000', '20182019.430235.10a2.vantien@gmail.com', '$2a$10$jZneVXgYZT/6L8Taz8JhEuhEhaaZZOzu9qDerYB7rnsCiy07aR2L6', 1, '2025-08-09 16:53:14.000000', 1),
(16, '2025-08-09 22:02:21.000000', 'n21dccn084@student.ptithcm.edu.vn', '$2a$10$ZPMYLnG9SclHo2zKrjQBK.Okos7C8Z6e8DZ4jG1fv34leYMFhCE/i', 1, '2025-08-09 22:02:21.000000', 1),
(17, '2025-08-09 22:06:48.000000', 'phantien8a@gmail.com', '$2a$10$IjqdeUwwrbh.XEpdHyBeregMjEq/Q/ZiiycQrfySBLxEo7bWK/YIK', 1, '2025-08-19 22:46:24.000000', 3),
(19, '2025-08-09 22:13:26.000000', 'phanvantien15092003@gmail.com', '$2a$10$87vfi0sthJOctnX3Mt.bZOomnYHMD5HS2rtZvP4ICyJS.JYs.zjOK', 1, '2025-08-13 22:35:49.000000', 3),
(20, '2025-08-19 16:53:37.000000', 'taixe4@gmail.com', '$2a$10$cPMMd/ouZqMlMsW2HAvUq.87qtOXWiFFJXmQUIpsa3sMsfWPsZyrC', 1, '2025-08-19 16:53:37.000000', 2),
(24, '2025-08-19 18:21:54.000000', 'phantienas111@gmail.com', '$2a$10$xk7AffZWi4uNDq3sQ5iMc.CYC9NpQIDLr96iOneMKsjM.o6VKe6tu', 1, '2025-08-19 18:21:54.000000', 1);

-- --------------------------------------------------------

--
-- Cấu trúc bảng cho bảng `bank_details`
--

CREATE TABLE `bank_details` (
  `id` int(11) NOT NULL,
  `bank_account_number` varchar(255) NOT NULL,
  `bank_name` varchar(255) NOT NULL,
  `created_at` datetime(6) DEFAULT NULL,
  `updated_at` datetime(6) DEFAULT NULL,
  `id_invoice` int(11) DEFAULT NULL,
  `id_user` int(11) DEFAULT NULL
) ENGINE=InnoDB DEFAULT CHARSET=utf8mb4 COLLATE=utf8mb4_general_ci;

--
-- Đang đổ dữ liệu cho bảng `bank_details`
--

INSERT INTO `bank_details` (`id`, `bank_account_number`, `bank_name`, `created_at`, `updated_at`, `id_invoice`, `id_user`) VALUES
(1, '12121212', 'VBA', '2025-08-07 15:03:58.000000', '2025-08-07 15:03:58.000000', 1, 4);

-- --------------------------------------------------------

--
-- Cấu trúc bảng cho bảng `bus`
--

CREATE TABLE `bus` (
  `id` int(11) NOT NULL,
  `created_at` datetime(6) DEFAULT NULL,
  `name` varchar(255) DEFAULT NULL,
  `status` int(11) NOT NULL,
  `updated_at` datetime(6) DEFAULT NULL,
  `id_bus_type` int(11) DEFAULT NULL
) ENGINE=InnoDB DEFAULT CHARSET=utf8mb4 COLLATE=utf8mb4_general_ci;

--
-- Đang đổ dữ liệu cho bảng `bus`
--

INSERT INTO `bus` (`id`, `created_at`, `name`, `status`, `updated_at`, `id_bus_type`) VALUES
(1, '2025-08-07 14:33:32.000000', '51H-129.45', 1, '2025-08-07 14:33:32.000000', 1),
(2, '2025-08-07 14:33:50.000000', '51H-129.23', 1, '2025-08-07 14:33:50.000000', 5),
(3, '2025-08-07 14:34:02.000000', '51H-129.56', 1, '2025-08-07 14:34:02.000000', 1),
(4, '2025-08-07 14:34:12.000000', '51H-129.49', 1, '2025-08-07 14:34:12.000000', 5),
(5, '2025-08-07 14:34:23.000000', '51H-129.41', 1, '2025-08-07 14:34:23.000000', 1),
(6, '2025-08-07 14:34:39.000000', '51H-129.76', 1, '2025-08-07 14:34:39.000000', 5),
(7, '2025-08-07 14:34:59.000000', '51H-129.90', 1, '2025-08-07 14:34:59.000000', 1),
(8, '2025-08-07 14:35:08.000000', '51H-129.92', 1, '2025-08-07 14:35:08.000000', 5);

-- --------------------------------------------------------

--
-- Cấu trúc bảng cho bảng `busroute`
--

CREATE TABLE `busroute` (
  `id` int(11) NOT NULL,
  `created_at` datetime(6) DEFAULT NULL,
  `distance` float NOT NULL,
  `status` int(11) NOT NULL,
  `travel_time` float NOT NULL,
  `updated_at` datetime(6) DEFAULT NULL,
  `id_bus_station_from` int(11) DEFAULT NULL,
  `id_bus_station_to` int(11) DEFAULT NULL
) ENGINE=InnoDB DEFAULT CHARSET=utf8mb4 COLLATE=utf8mb4_general_ci;

--
-- Đang đổ dữ liệu cho bảng `busroute`
--

INSERT INTO `busroute` (`id`, `created_at`, `distance`, `status`, `travel_time`, `updated_at`, `id_bus_station_from`, `id_bus_station_to`) VALUES
(1, '2025-08-07 14:36:04.000000', 1650, 1, 21, '2025-08-07 14:36:04.000000', 1, 3),
(2, '2025-08-07 14:36:24.000000', 1650, 1, 21, '2025-08-07 14:36:24.000000', 2, 3),
(3, '2025-08-07 14:37:02.000000', 1650, 1, 21, '2025-08-07 14:37:02.000000', 3, 1),
(4, '2025-08-07 14:37:26.000000', 2000, 1, 21, '2025-08-07 15:17:21.000000', 6, 2),
(5, '2025-08-07 14:37:53.000000', 1400, 1, 20, '2025-08-07 14:37:53.000000', 7, 2);

-- --------------------------------------------------------

--
-- Cấu trúc bảng cho bảng `busstations`
--

CREATE TABLE `busstations` (
  `id` int(11) NOT NULL,
  `address` varchar(255) DEFAULT NULL,
  `created_at` datetime(6) DEFAULT NULL,
  `name` varchar(255) DEFAULT NULL,
  `phone` varchar(255) DEFAULT NULL,
  `status` int(11) NOT NULL,
  `updated_at` datetime(6) DEFAULT NULL,
  `id_province` int(11) DEFAULT NULL
) ENGINE=InnoDB DEFAULT CHARSET=utf8mb4 COLLATE=utf8mb4_general_ci;

--
-- Đang đổ dữ liệu cho bảng `busstations`
--

INSERT INTO `busstations` (`id`, `address`, `created_at`, `name`, `phone`, `status`, `updated_at`, `id_province`) VALUES
(1, 'Số 9, đường Ngô Gia Khảm, Long Biên, Hà Nội', '2025-08-07 14:23:37.000000', 'Gia Lâm', '0438271529', 1, '2025-08-07 14:23:37.000000', 2),
(2, '20 Phạm Hùng, Mỹ Đình, Từ Liêm, Hà Nội', '2025-08-07 14:24:20.000000', 'Mỹ Đình', '0437685549', 1, '2025-08-07 14:24:20.000000', 2),
(3, '501 Đường Hoàng Hữu Nam, P.Long Bình, TP.Thủ Đức, TP.Hồ Chí Minh', '2025-08-07 14:25:07.000000', 'Miền Đông mới', '0814501501', 1, '2025-08-07 14:25:07.000000', 1),
(4, '395 Đường Kinh Dương Vương, P.An Lạc, Q.Bình Tân, TP.Hồ Chí Minh', '2025-08-07 14:25:35.000000', 'Miền Tây', '19007373', 1, '2025-08-07 14:25:35.000000', 1),
(5, '148 Tôn Đức Thắng, P. Hòa Minh, Q. Liên Chiểu, TP. Đà Nẵng', '2025-08-07 14:26:43.000000', 'Đà Nẵng', '02363767679', 1, '2025-08-07 14:26:43.000000', 3),
(6, 'Đường Lý Thường Kiệt, phường 6, TP. Cà Mau', '2025-08-07 14:27:34.000000', 'Cà Mau', '02903811063', 1, '2025-08-07 14:27:34.000000', 4),
(7, '1 Đường Tô Hiến Thành, Phường 3, Thành phố Đà Lạt.', '2025-08-07 14:28:19.000000', 'liên tỉnh Đà Lạt', '02633523777', 1, '2025-08-07 14:28:19.000000', 5),
(8, 'Nghĩa Chánh Nam, Tp. Quảng Ngãi, Quảng Ngãi', '2025-08-07 14:28:59.000000', 'Quảng Ngãi', '0373584933', 1, '2025-08-07 14:28:59.000000', 6);

-- --------------------------------------------------------

--
-- Cấu trúc bảng cho bảng `bustrip`
--

CREATE TABLE `bustrip` (
  `id` int(11) NOT NULL,
  `cost_incurred` float NOT NULL,
  `cost_operating` float NOT NULL,
  `created_at` datetime(6) DEFAULT NULL,
  `departure_time` datetime(6) DEFAULT NULL,
  `price` int(11) NOT NULL,
  `status` int(11) NOT NULL,
  `updated_at` datetime(6) DEFAULT NULL,
  `id_bus` int(11) DEFAULT NULL,
  `id_bus_route` int(11) DEFAULT NULL,
  `id_driver` int(11) DEFAULT NULL
) ENGINE=InnoDB DEFAULT CHARSET=utf8mb4 COLLATE=utf8mb4_general_ci;

--
-- Đang đổ dữ liệu cho bảng `bustrip`
--

INSERT INTO `bustrip` (`id`, `cost_incurred`, `cost_operating`, `created_at`, `departure_time`, `price`, `status`, `updated_at`, `id_bus`, `id_bus_route`, `id_driver`) VALUES
(1, 2000000, 10000000, '2025-08-07 14:42:05.000000', '2025-08-20 00:00:00.000000', 5000, 1, '2025-08-07 14:57:20.000000', 7, 1, 1),
(2, 200000, 10000000, '2025-08-07 14:42:47.000000', '2025-08-25 00:00:00.000000', 500000, 1, '2025-08-07 14:48:21.000000', 8, 3, 2),
(3, 400000, 10000000, '2025-08-07 14:43:38.000000', '2025-08-20 06:00:00.000000', 400000, 1, '2025-08-07 14:49:27.000000', 2, 1, 3),
(4, 200000, 12000000, '2025-08-07 14:44:38.000000', '2025-08-25 17:02:00.000000', 600000, 1, '2025-08-07 14:44:38.000000', 4, 4, 1),
(5, 200000, 9000000, '2025-08-07 14:45:18.000000', '2025-08-22 04:04:00.000000', 450000, 1, '2025-08-07 14:45:18.000000', 5, 5, 1);

-- --------------------------------------------------------

--
-- Cấu trúc bảng cho bảng `bustype`
--

CREATE TABLE `bustype` (
  `id` int(11) NOT NULL,
  `created_at` datetime(6) DEFAULT NULL,
  `name` varchar(255) DEFAULT NULL,
  `seat_count` int(11) NOT NULL,
  `updated_at` datetime(6) DEFAULT NULL
) ENGINE=InnoDB DEFAULT CHARSET=utf8mb4 COLLATE=utf8mb4_general_ci;

--
-- Đang đổ dữ liệu cho bảng `bustype`
--

INSERT INTO `bustype` (`id`, `created_at`, `name`, `seat_count`, `updated_at`) VALUES
(1, '2025-08-07 14:31:41.000000', 'Limousine', 28, '2025-08-07 14:31:41.000000'),
(5, '2025-08-07 14:31:41.000000', 'Thường', 42, '2025-08-07 14:31:41.000000');

-- --------------------------------------------------------

--
-- Cấu trúc bảng cho bảng `changehistoryticket`
--

CREATE TABLE `changehistoryticket` (
  `id` int(11) NOT NULL,
  `change_time` datetime(6) DEFAULT NULL,
  `price` float NOT NULL,
  `id_bus_trip` int(11) DEFAULT NULL,
  `id_seat_positon` int(11) DEFAULT NULL,
  `id_ticket` int(11) DEFAULT NULL
) ENGINE=InnoDB DEFAULT CHARSET=utf8mb4 COLLATE=utf8mb4_general_ci;

--
-- Đang đổ dữ liệu cho bảng `changehistoryticket`
--

INSERT INTO `changehistoryticket` (`id`, `change_time`, `price`, `id_bus_trip`, `id_seat_positon`, `id_ticket`) VALUES
(1, '2025-08-07 15:04:34.000000', 0, 4, 100, 3),
(2, '2025-08-07 15:04:57.000000', 0, 4, 106, 4),
(3, '2025-08-19 16:55:06.000000', 0, 4, 108, 6);

-- --------------------------------------------------------

--
-- Cấu trúc bảng cho bảng `invoice`
--

CREATE TABLE `invoice` (
  `id` int(11) NOT NULL,
  `created_at` datetime(6) DEFAULT NULL,
  `email` varchar(255) DEFAULT NULL,
  `name` varchar(255) DEFAULT NULL,
  `number_of_tickets` int(11) NOT NULL,
  `payment_method` int(11) NOT NULL,
  `phone` varchar(255) DEFAULT NULL,
  `status` int(11) NOT NULL,
  `time_of_booking` datetime(6) DEFAULT NULL,
  `total_amount` float NOT NULL,
  `updated_at` datetime(6) DEFAULT NULL,
  `id_bus_trip` int(11) DEFAULT NULL,
  `id_user` int(11) DEFAULT NULL
) ENGINE=InnoDB DEFAULT CHARSET=utf8mb4 COLLATE=utf8mb4_general_ci;

--
-- Đang đổ dữ liệu cho bảng `invoice`
--

INSERT INTO `invoice` (`id`, `created_at`, `email`, `name`, `number_of_tickets`, `payment_method`, `phone`, `status`, `time_of_booking`, `total_amount`, `updated_at`, `id_bus_trip`, `id_user`) VALUES
(1, '2025-08-07 14:49:50.000000', 'phantienwk@gmail.com', 'phantien', 2, 0, '0373584933', 0, '2025-08-07 14:49:50.000000', 1000000, '2025-08-07 15:03:59.000000', 1, 4),
(2, '2025-08-07 14:50:52.000000', 'phantienwk@gmail.com', 'phantien1', 4, 1, '0373584933', 1, '2025-08-07 14:50:52.000000', 2400000, '2025-08-07 14:50:52.000000', 4, 4),
(3, '2025-08-07 14:56:23.000000', 'phantienwk@gmail.com', 'phantien1', 2, 0, '0373584933', 1, '2025-08-07 14:56:23.000000', 1000000, '2025-08-19 16:51:27.000000', 1, 4),
(4, '2025-08-07 14:56:23.000000', 'phantienwk@gmail.com', 'phantien1', 1, 0, '0373584933', 0, '2025-08-07 14:56:23.000000', 600000, '2025-08-19 16:57:09.000000', 4, 4),
(5, '2025-08-07 14:57:59.000000', 'phantienwk@gmail.com', 'phantien1', 4, 1, '0373584933', 1, '2025-08-07 14:57:59.000000', 20000, '2025-08-07 15:02:11.000000', 1, 4);

-- --------------------------------------------------------

--
-- Cấu trúc bảng cho bảng `otp`
--

CREATE TABLE `otp` (
  `id` int(11) NOT NULL,
  `email` varchar(255) DEFAULT NULL,
  `expires_at` datetime(6) DEFAULT NULL,
  `otp` varchar(255) DEFAULT NULL
) ENGINE=InnoDB DEFAULT CHARSET=utf8mb4 COLLATE=utf8mb4_general_ci;

-- --------------------------------------------------------

--
-- Cấu trúc bảng cho bảng `province`
--

CREATE TABLE `province` (
  `id` int(11) NOT NULL,
  `created_at` datetime(6) DEFAULT NULL,
  `name` varchar(255) DEFAULT NULL,
  `status` int(11) NOT NULL,
  `updated_at` datetime(6) DEFAULT NULL
) ENGINE=InnoDB DEFAULT CHARSET=utf8mb4 COLLATE=utf8mb4_general_ci;

--
-- Đang đổ dữ liệu cho bảng `province`
--

INSERT INTO `province` (`id`, `created_at`, `name`, `status`, `updated_at`) VALUES
(1, '2025-08-07 14:21:26.000000', 'TP. Hồ Chí Minh', 1, '2025-08-07 14:21:26.000000'),
(2, '2025-08-07 14:21:40.000000', 'TP. Hà Nội', 1, '2025-08-07 14:21:40.000000'),
(3, '2025-08-07 14:21:50.000000', 'TP. Đà Nẵng', 1, '2025-08-07 14:21:50.000000'),
(4, '2025-08-07 14:22:09.000000', 'TP. Cà Mau', 1, '2025-08-07 14:22:09.000000'),
(5, '2025-08-07 14:22:31.000000', 'Lâm Đồng', 1, '2025-08-07 14:22:31.000000'),
(6, '2025-08-07 14:22:37.000000', 'Quảng Ngãi', 1, '2025-08-07 14:22:37.000000');

-- --------------------------------------------------------

--
-- Cấu trúc bảng cho bảng `role`
--

CREATE TABLE `role` (
  `id` int(11) NOT NULL,
  `name` varchar(255) DEFAULT NULL
) ENGINE=InnoDB DEFAULT CHARSET=utf8mb4 COLLATE=utf8mb4_general_ci;

--
-- Đang đổ dữ liệu cho bảng `role`
--

INSERT INTO `role` (`id`, `name`) VALUES
(1, 'USER'),
(2, 'DRIVER'),
(3, 'ADMIN');

-- --------------------------------------------------------

--
-- Cấu trúc bảng cho bảng `route`
--

CREATE TABLE `route` (
  `id` int(11) NOT NULL,
  `created_at` datetime(6) DEFAULT NULL,
  `route_location` int(11) NOT NULL,
  `status` int(11) NOT NULL,
  `updated_at` datetime(6) DEFAULT NULL,
  `id_bus_route` int(11) DEFAULT NULL,
  `id_bus_station` int(11) DEFAULT NULL
) ENGINE=InnoDB DEFAULT CHARSET=utf8mb4 COLLATE=utf8mb4_general_ci;

--
-- Đang đổ dữ liệu cho bảng `route`
--

INSERT INTO `route` (`id`, `created_at`, `route_location`, `status`, `updated_at`, `id_bus_route`, `id_bus_station`) VALUES
(1, '2025-08-07 14:36:04.000000', 1, 1, '2025-08-07 14:36:04.000000', 1, 1),
(2, '2025-08-07 14:36:04.000000', 2, 1, '2025-08-07 14:36:04.000000', 1, 5),
(3, '2025-08-07 14:36:04.000000', 3, 1, '2025-08-07 14:36:04.000000', 1, 8),
(4, '2025-08-07 14:36:04.000000', 4, 1, '2025-08-07 14:36:04.000000', 1, 7),
(5, '2025-08-07 14:36:04.000000', 5, 1, '2025-08-07 14:36:04.000000', 1, 3),
(6, '2025-08-07 14:36:24.000000', 1, 1, '2025-08-07 14:36:24.000000', 2, 2),
(7, '2025-08-07 14:36:24.000000', 2, 1, '2025-08-07 14:36:24.000000', 2, 3),
(8, '2025-08-07 14:37:02.000000', 1, 1, '2025-08-07 14:37:02.000000', 3, 3),
(9, '2025-08-07 14:37:02.000000', 2, 1, '2025-08-07 14:37:02.000000', 3, 7),
(10, '2025-08-07 14:37:02.000000', 3, 1, '2025-08-07 14:37:02.000000', 3, 8),
(11, '2025-08-07 14:37:02.000000', 4, 1, '2025-08-07 14:37:02.000000', 3, 5),
(12, '2025-08-07 14:37:02.000000', 5, 1, '2025-08-07 14:37:02.000000', 3, 1),
(13, '2025-08-07 14:37:26.000000', 1, 1, '2025-08-07 14:37:26.000000', 4, 6),
(14, '2025-08-07 14:37:26.000000', 2, 1, '2025-08-07 14:37:26.000000', 4, 3),
(15, '2025-08-07 14:37:26.000000', 3, 1, '2025-08-07 14:37:26.000000', 4, 5),
(16, '2025-08-07 14:37:26.000000', 4, 1, '2025-08-07 14:37:26.000000', 4, 2),
(17, '2025-08-07 14:37:53.000000', 1, 1, '2025-08-07 14:37:53.000000', 5, 7),
(18, '2025-08-07 14:37:53.000000', 2, 1, '2025-08-07 14:37:53.000000', 5, 5),
(19, '2025-08-07 14:37:53.000000', 3, 1, '2025-08-07 14:37:53.000000', 5, 2);

-- --------------------------------------------------------

--
-- Cấu trúc bảng cho bảng `seatposition`
--

CREATE TABLE `seatposition` (
  `id` int(11) NOT NULL,
  `created_at` datetime(6) DEFAULT NULL,
  `name` varchar(255) DEFAULT NULL,
  `status` bit(1) NOT NULL,
  `updated_at` datetime(6) DEFAULT NULL,
  `id_bus` int(11) DEFAULT NULL
) ENGINE=InnoDB DEFAULT CHARSET=utf8mb4 COLLATE=utf8mb4_general_ci;

--
-- Đang đổ dữ liệu cho bảng `seatposition`
--

INSERT INTO `seatposition` (`id`, `created_at`, `name`, `status`, `updated_at`, `id_bus`) VALUES
(1, '2025-08-07 14:33:32.000000', 'A01', b'1', '2025-08-07 14:33:32.000000', 1),
(2, '2025-08-07 14:33:32.000000', 'B01', b'1', '2025-08-07 14:33:32.000000', 1),
(3, '2025-08-07 14:33:32.000000', 'A02', b'1', '2025-08-07 14:33:32.000000', 1),
(4, '2025-08-07 14:33:32.000000', 'B02', b'1', '2025-08-07 14:33:32.000000', 1),
(5, '2025-08-07 14:33:32.000000', 'A03', b'1', '2025-08-07 14:33:32.000000', 1),
(6, '2025-08-07 14:33:32.000000', 'B03', b'1', '2025-08-07 14:33:32.000000', 1),
(7, '2025-08-07 14:33:32.000000', 'A04', b'1', '2025-08-07 14:33:32.000000', 1),
(8, '2025-08-07 14:33:32.000000', 'B04', b'1', '2025-08-07 14:33:32.000000', 1),
(9, '2025-08-07 14:33:32.000000', 'A05', b'1', '2025-08-07 14:33:32.000000', 1),
(10, '2025-08-07 14:33:32.000000', 'B05', b'1', '2025-08-07 14:33:32.000000', 1),
(11, '2025-08-07 14:33:32.000000', 'A06', b'1', '2025-08-07 14:33:32.000000', 1),
(12, '2025-08-07 14:33:32.000000', 'B06', b'1', '2025-08-07 14:33:32.000000', 1),
(13, '2025-08-07 14:33:32.000000', 'A07', b'1', '2025-08-07 14:33:32.000000', 1),
(14, '2025-08-07 14:33:32.000000', 'B07', b'1', '2025-08-07 14:33:32.000000', 1),
(15, '2025-08-07 14:33:32.000000', 'A08', b'1', '2025-08-07 14:33:32.000000', 1),
(16, '2025-08-07 14:33:32.000000', 'B08', b'1', '2025-08-07 14:33:32.000000', 1),
(17, '2025-08-07 14:33:32.000000', 'A09', b'1', '2025-08-07 14:33:32.000000', 1),
(18, '2025-08-07 14:33:32.000000', 'B09', b'1', '2025-08-07 14:33:32.000000', 1),
(19, '2025-08-07 14:33:32.000000', 'A10', b'1', '2025-08-07 14:33:32.000000', 1),
(20, '2025-08-07 14:33:32.000000', 'B10', b'1', '2025-08-07 14:33:32.000000', 1),
(21, '2025-08-07 14:33:32.000000', 'A11', b'1', '2025-08-07 14:33:32.000000', 1),
(22, '2025-08-07 14:33:32.000000', 'B11', b'1', '2025-08-07 14:33:32.000000', 1),
(23, '2025-08-07 14:33:32.000000', 'A12', b'1', '2025-08-07 14:33:32.000000', 1),
(24, '2025-08-07 14:33:32.000000', 'B12', b'1', '2025-08-07 14:33:32.000000', 1),
(25, '2025-08-07 14:33:32.000000', 'A13', b'1', '2025-08-07 14:33:32.000000', 1),
(26, '2025-08-07 14:33:32.000000', 'B13', b'1', '2025-08-07 14:33:32.000000', 1),
(27, '2025-08-07 14:33:32.000000', 'A14', b'1', '2025-08-07 14:33:32.000000', 1),
(28, '2025-08-07 14:33:32.000000', 'B14', b'1', '2025-08-07 14:33:32.000000', 1),
(29, '2025-08-07 14:33:50.000000', 'A01', b'1', '2025-08-07 14:33:50.000000', 2),
(30, '2025-08-07 14:33:50.000000', 'B01', b'1', '2025-08-07 14:33:50.000000', 2),
(31, '2025-08-07 14:33:50.000000', 'A02', b'1', '2025-08-07 14:33:50.000000', 2),
(32, '2025-08-07 14:33:50.000000', 'B02', b'1', '2025-08-07 14:33:50.000000', 2),
(33, '2025-08-07 14:33:50.000000', 'A03', b'1', '2025-08-07 14:33:50.000000', 2),
(34, '2025-08-07 14:33:50.000000', 'B03', b'1', '2025-08-07 14:33:50.000000', 2),
(35, '2025-08-07 14:33:50.000000', 'A04', b'1', '2025-08-07 14:33:50.000000', 2),
(36, '2025-08-07 14:33:50.000000', 'B04', b'1', '2025-08-07 14:33:50.000000', 2),
(37, '2025-08-07 14:33:50.000000', 'A05', b'1', '2025-08-07 14:33:50.000000', 2),
(38, '2025-08-07 14:33:50.000000', 'B05', b'1', '2025-08-07 14:33:50.000000', 2),
(39, '2025-08-07 14:33:50.000000', 'A06', b'1', '2025-08-07 14:33:50.000000', 2),
(40, '2025-08-07 14:33:50.000000', 'B06', b'1', '2025-08-07 14:33:50.000000', 2),
(41, '2025-08-07 14:33:50.000000', 'A07', b'1', '2025-08-07 14:33:50.000000', 2),
(42, '2025-08-07 14:33:50.000000', 'B07', b'1', '2025-08-07 14:33:50.000000', 2),
(43, '2025-08-07 14:33:50.000000', 'A08', b'1', '2025-08-07 14:33:50.000000', 2),
(44, '2025-08-07 14:33:50.000000', 'B08', b'1', '2025-08-07 14:33:50.000000', 2),
(45, '2025-08-07 14:33:50.000000', 'A09', b'1', '2025-08-07 14:33:50.000000', 2),
(46, '2025-08-07 14:33:50.000000', 'B09', b'1', '2025-08-07 14:33:50.000000', 2),
(47, '2025-08-07 14:33:50.000000', 'A10', b'1', '2025-08-07 14:33:50.000000', 2),
(48, '2025-08-07 14:33:50.000000', 'B10', b'1', '2025-08-07 14:33:50.000000', 2),
(49, '2025-08-07 14:33:50.000000', 'A11', b'1', '2025-08-07 14:33:50.000000', 2),
(50, '2025-08-07 14:33:50.000000', 'B11', b'1', '2025-08-07 14:33:50.000000', 2),
(51, '2025-08-07 14:33:50.000000', 'A12', b'1', '2025-08-07 14:33:50.000000', 2),
(52, '2025-08-07 14:33:50.000000', 'B12', b'1', '2025-08-07 14:33:50.000000', 2),
(53, '2025-08-07 14:33:50.000000', 'A13', b'1', '2025-08-07 14:33:50.000000', 2),
(54, '2025-08-07 14:33:50.000000', 'B13', b'1', '2025-08-07 14:33:50.000000', 2),
(55, '2025-08-07 14:33:50.000000', 'A14', b'1', '2025-08-07 14:33:50.000000', 2),
(56, '2025-08-07 14:33:50.000000', 'B14', b'1', '2025-08-07 14:33:50.000000', 2),
(57, '2025-08-07 14:33:50.000000', 'A15', b'1', '2025-08-07 14:33:50.000000', 2),
(58, '2025-08-07 14:33:50.000000', 'B15', b'1', '2025-08-07 14:33:50.000000', 2),
(59, '2025-08-07 14:33:50.000000', 'A16', b'1', '2025-08-07 14:33:50.000000', 2),
(60, '2025-08-07 14:33:50.000000', 'B16', b'1', '2025-08-07 14:33:50.000000', 2),
(61, '2025-08-07 14:33:50.000000', 'A17', b'1', '2025-08-07 14:33:50.000000', 2),
(62, '2025-08-07 14:33:50.000000', 'B17', b'1', '2025-08-07 14:33:50.000000', 2),
(63, '2025-08-07 14:33:50.000000', 'A18', b'1', '2025-08-07 14:33:50.000000', 2),
(64, '2025-08-07 14:33:50.000000', 'B18', b'1', '2025-08-07 14:33:50.000000', 2),
(65, '2025-08-07 14:33:50.000000', 'A19', b'1', '2025-08-07 14:33:50.000000', 2),
(66, '2025-08-07 14:33:50.000000', 'B19', b'1', '2025-08-07 14:33:50.000000', 2),
(67, '2025-08-07 14:33:50.000000', 'A20', b'1', '2025-08-07 14:33:50.000000', 2),
(68, '2025-08-07 14:33:51.000000', 'B20', b'1', '2025-08-07 14:33:51.000000', 2),
(69, '2025-08-07 14:33:51.000000', 'A21', b'1', '2025-08-07 14:33:51.000000', 2),
(70, '2025-08-07 14:33:51.000000', 'B21', b'1', '2025-08-07 14:33:51.000000', 2),
(71, '2025-08-07 14:34:02.000000', 'A01', b'1', '2025-08-07 14:34:02.000000', 3),
(72, '2025-08-07 14:34:02.000000', 'B01', b'1', '2025-08-07 14:34:02.000000', 3),
(73, '2025-08-07 14:34:02.000000', 'A02', b'1', '2025-08-07 14:34:02.000000', 3),
(74, '2025-08-07 14:34:02.000000', 'B02', b'1', '2025-08-07 14:34:02.000000', 3),
(75, '2025-08-07 14:34:02.000000', 'A03', b'1', '2025-08-07 14:34:02.000000', 3),
(76, '2025-08-07 14:34:02.000000', 'B03', b'1', '2025-08-07 14:34:02.000000', 3),
(77, '2025-08-07 14:34:02.000000', 'A04', b'1', '2025-08-07 14:34:02.000000', 3),
(78, '2025-08-07 14:34:02.000000', 'B04', b'1', '2025-08-07 14:34:02.000000', 3),
(79, '2025-08-07 14:34:02.000000', 'A05', b'1', '2025-08-07 14:34:02.000000', 3),
(80, '2025-08-07 14:34:02.000000', 'B05', b'1', '2025-08-07 14:34:02.000000', 3),
(81, '2025-08-07 14:34:02.000000', 'A06', b'1', '2025-08-07 14:34:02.000000', 3),
(82, '2025-08-07 14:34:02.000000', 'B06', b'1', '2025-08-07 14:34:02.000000', 3),
(83, '2025-08-07 14:34:02.000000', 'A07', b'1', '2025-08-07 14:34:02.000000', 3),
(84, '2025-08-07 14:34:02.000000', 'B07', b'1', '2025-08-07 14:34:02.000000', 3),
(85, '2025-08-07 14:34:02.000000', 'A08', b'1', '2025-08-07 14:34:02.000000', 3),
(86, '2025-08-07 14:34:02.000000', 'B08', b'1', '2025-08-07 14:34:02.000000', 3),
(87, '2025-08-07 14:34:02.000000', 'A09', b'1', '2025-08-07 14:34:02.000000', 3),
(88, '2025-08-07 14:34:02.000000', 'B09', b'1', '2025-08-07 14:34:02.000000', 3),
(89, '2025-08-07 14:34:02.000000', 'A10', b'1', '2025-08-07 14:34:02.000000', 3),
(90, '2025-08-07 14:34:02.000000', 'B10', b'1', '2025-08-07 14:34:02.000000', 3),
(91, '2025-08-07 14:34:02.000000', 'A11', b'1', '2025-08-07 14:34:02.000000', 3),
(92, '2025-08-07 14:34:02.000000', 'B11', b'1', '2025-08-07 14:34:02.000000', 3),
(93, '2025-08-07 14:34:02.000000', 'A12', b'1', '2025-08-07 14:34:02.000000', 3),
(94, '2025-08-07 14:34:02.000000', 'B12', b'1', '2025-08-07 14:34:02.000000', 3),
(95, '2025-08-07 14:34:02.000000', 'A13', b'1', '2025-08-07 14:34:02.000000', 3),
(96, '2025-08-07 14:34:02.000000', 'B13', b'1', '2025-08-07 14:34:02.000000', 3),
(97, '2025-08-07 14:34:02.000000', 'A14', b'1', '2025-08-07 14:34:02.000000', 3),
(98, '2025-08-07 14:34:02.000000', 'B14', b'1', '2025-08-07 14:34:02.000000', 3),
(99, '2025-08-07 14:34:12.000000', 'A01', b'1', '2025-08-07 14:34:12.000000', 4),
(100, '2025-08-07 14:34:12.000000', 'B01', b'1', '2025-08-07 14:34:12.000000', 4),
(101, '2025-08-07 14:34:12.000000', 'A02', b'1', '2025-08-07 14:34:12.000000', 4),
(102, '2025-08-07 14:34:12.000000', 'B02', b'1', '2025-08-07 14:34:12.000000', 4),
(103, '2025-08-07 14:34:12.000000', 'A03', b'1', '2025-08-07 14:34:12.000000', 4),
(104, '2025-08-07 14:34:12.000000', 'B03', b'1', '2025-08-07 14:34:12.000000', 4),
(105, '2025-08-07 14:34:12.000000', 'A04', b'1', '2025-08-07 14:34:12.000000', 4),
(106, '2025-08-07 14:34:12.000000', 'B04', b'1', '2025-08-07 14:34:12.000000', 4),
(107, '2025-08-07 14:34:12.000000', 'A05', b'1', '2025-08-07 14:34:12.000000', 4),
(108, '2025-08-07 14:34:12.000000', 'B05', b'1', '2025-08-07 14:34:12.000000', 4),
(109, '2025-08-07 14:34:12.000000', 'A06', b'1', '2025-08-07 14:34:12.000000', 4),
(110, '2025-08-07 14:34:12.000000', 'B06', b'1', '2025-08-07 14:34:12.000000', 4),
(111, '2025-08-07 14:34:12.000000', 'A07', b'1', '2025-08-07 14:34:12.000000', 4),
(112, '2025-08-07 14:34:12.000000', 'B07', b'1', '2025-08-07 14:34:12.000000', 4),
(113, '2025-08-07 14:34:12.000000', 'A08', b'1', '2025-08-07 14:34:12.000000', 4),
(114, '2025-08-07 14:34:12.000000', 'B08', b'1', '2025-08-07 14:34:12.000000', 4),
(115, '2025-08-07 14:34:12.000000', 'A09', b'1', '2025-08-07 14:34:12.000000', 4),
(116, '2025-08-07 14:34:13.000000', 'B09', b'1', '2025-08-07 14:34:13.000000', 4),
(117, '2025-08-07 14:34:13.000000', 'A10', b'1', '2025-08-07 14:34:13.000000', 4),
(118, '2025-08-07 14:34:13.000000', 'B10', b'1', '2025-08-07 14:34:13.000000', 4),
(119, '2025-08-07 14:34:13.000000', 'A11', b'1', '2025-08-07 14:34:13.000000', 4),
(120, '2025-08-07 14:34:13.000000', 'B11', b'1', '2025-08-07 14:34:13.000000', 4),
(121, '2025-08-07 14:34:13.000000', 'A12', b'1', '2025-08-07 14:34:13.000000', 4),
(122, '2025-08-07 14:34:13.000000', 'B12', b'1', '2025-08-07 14:34:13.000000', 4),
(123, '2025-08-07 14:34:13.000000', 'A13', b'1', '2025-08-07 14:34:13.000000', 4),
(124, '2025-08-07 14:34:13.000000', 'B13', b'1', '2025-08-07 14:34:13.000000', 4),
(125, '2025-08-07 14:34:13.000000', 'A14', b'1', '2025-08-07 14:34:13.000000', 4),
(126, '2025-08-07 14:34:13.000000', 'B14', b'1', '2025-08-07 14:34:13.000000', 4),
(127, '2025-08-07 14:34:13.000000', 'A15', b'1', '2025-08-07 14:34:13.000000', 4),
(128, '2025-08-07 14:34:13.000000', 'B15', b'1', '2025-08-07 14:34:13.000000', 4),
(129, '2025-08-07 14:34:13.000000', 'A16', b'1', '2025-08-07 14:34:13.000000', 4),
(130, '2025-08-07 14:34:13.000000', 'B16', b'1', '2025-08-07 14:34:13.000000', 4),
(131, '2025-08-07 14:34:13.000000', 'A17', b'1', '2025-08-07 14:34:13.000000', 4),
(132, '2025-08-07 14:34:13.000000', 'B17', b'1', '2025-08-07 14:34:13.000000', 4),
(133, '2025-08-07 14:34:13.000000', 'A18', b'1', '2025-08-07 14:34:13.000000', 4),
(134, '2025-08-07 14:34:13.000000', 'B18', b'1', '2025-08-07 14:34:13.000000', 4),
(135, '2025-08-07 14:34:13.000000', 'A19', b'1', '2025-08-07 14:34:13.000000', 4),
(136, '2025-08-07 14:34:13.000000', 'B19', b'1', '2025-08-07 14:34:13.000000', 4),
(137, '2025-08-07 14:34:13.000000', 'A20', b'1', '2025-08-07 14:34:13.000000', 4),
(138, '2025-08-07 14:34:13.000000', 'B20', b'1', '2025-08-07 14:34:13.000000', 4),
(139, '2025-08-07 14:34:13.000000', 'A21', b'1', '2025-08-07 14:34:13.000000', 4),
(140, '2025-08-07 14:34:13.000000', 'B21', b'1', '2025-08-07 14:34:13.000000', 4),
(141, '2025-08-07 14:34:23.000000', 'A01', b'1', '2025-08-07 14:34:23.000000', 5),
(142, '2025-08-07 14:34:23.000000', 'B01', b'1', '2025-08-07 14:34:23.000000', 5),
(143, '2025-08-07 14:34:23.000000', 'A02', b'1', '2025-08-07 14:34:23.000000', 5),
(144, '2025-08-07 14:34:23.000000', 'B02', b'1', '2025-08-07 14:34:23.000000', 5),
(145, '2025-08-07 14:34:23.000000', 'A03', b'1', '2025-08-07 14:34:23.000000', 5),
(146, '2025-08-07 14:34:23.000000', 'B03', b'1', '2025-08-07 14:34:23.000000', 5),
(147, '2025-08-07 14:34:23.000000', 'A04', b'1', '2025-08-07 14:34:23.000000', 5),
(148, '2025-08-07 14:34:23.000000', 'B04', b'1', '2025-08-07 14:34:23.000000', 5),
(149, '2025-08-07 14:34:23.000000', 'A05', b'1', '2025-08-07 14:34:23.000000', 5),
(150, '2025-08-07 14:34:23.000000', 'B05', b'1', '2025-08-07 14:34:23.000000', 5),
(151, '2025-08-07 14:34:23.000000', 'A06', b'1', '2025-08-07 14:34:23.000000', 5),
(152, '2025-08-07 14:34:23.000000', 'B06', b'1', '2025-08-07 14:34:23.000000', 5),
(153, '2025-08-07 14:34:23.000000', 'A07', b'1', '2025-08-07 14:34:23.000000', 5),
(154, '2025-08-07 14:34:23.000000', 'B07', b'1', '2025-08-07 14:34:23.000000', 5),
(155, '2025-08-07 14:34:23.000000', 'A08', b'1', '2025-08-07 14:34:23.000000', 5),
(156, '2025-08-07 14:34:23.000000', 'B08', b'1', '2025-08-07 14:34:23.000000', 5),
(157, '2025-08-07 14:34:23.000000', 'A09', b'1', '2025-08-07 14:34:23.000000', 5),
(158, '2025-08-07 14:34:23.000000', 'B09', b'1', '2025-08-07 14:34:23.000000', 5),
(159, '2025-08-07 14:34:23.000000', 'A10', b'1', '2025-08-07 14:34:23.000000', 5),
(160, '2025-08-07 14:34:23.000000', 'B10', b'1', '2025-08-07 14:34:23.000000', 5),
(161, '2025-08-07 14:34:23.000000', 'A11', b'1', '2025-08-07 14:34:23.000000', 5),
(162, '2025-08-07 14:34:23.000000', 'B11', b'1', '2025-08-07 14:34:23.000000', 5),
(163, '2025-08-07 14:34:23.000000', 'A12', b'1', '2025-08-07 14:34:23.000000', 5),
(164, '2025-08-07 14:34:23.000000', 'B12', b'1', '2025-08-07 14:34:23.000000', 5),
(165, '2025-08-07 14:34:23.000000', 'A13', b'1', '2025-08-07 14:34:23.000000', 5),
(166, '2025-08-07 14:34:23.000000', 'B13', b'1', '2025-08-07 14:34:23.000000', 5),
(167, '2025-08-07 14:34:23.000000', 'A14', b'1', '2025-08-07 14:34:23.000000', 5),
(168, '2025-08-07 14:34:23.000000', 'B14', b'1', '2025-08-07 14:34:23.000000', 5),
(169, '2025-08-07 14:34:39.000000', 'A01', b'1', '2025-08-07 14:34:39.000000', 6),
(170, '2025-08-07 14:34:39.000000', 'B01', b'1', '2025-08-07 14:34:39.000000', 6),
(171, '2025-08-07 14:34:39.000000', 'A02', b'1', '2025-08-07 14:34:39.000000', 6),
(172, '2025-08-07 14:34:39.000000', 'B02', b'1', '2025-08-07 14:34:39.000000', 6),
(173, '2025-08-07 14:34:39.000000', 'A03', b'1', '2025-08-07 14:34:39.000000', 6),
(174, '2025-08-07 14:34:39.000000', 'B03', b'1', '2025-08-07 14:34:39.000000', 6),
(175, '2025-08-07 14:34:39.000000', 'A04', b'1', '2025-08-07 14:34:39.000000', 6),
(176, '2025-08-07 14:34:39.000000', 'B04', b'1', '2025-08-07 14:34:39.000000', 6),
(177, '2025-08-07 14:34:39.000000', 'A05', b'1', '2025-08-07 14:34:39.000000', 6),
(178, '2025-08-07 14:34:39.000000', 'B05', b'1', '2025-08-07 14:34:39.000000', 6),
(179, '2025-08-07 14:34:39.000000', 'A06', b'1', '2025-08-07 14:34:39.000000', 6),
(180, '2025-08-07 14:34:39.000000', 'B06', b'1', '2025-08-07 14:34:39.000000', 6),
(181, '2025-08-07 14:34:39.000000', 'A07', b'1', '2025-08-07 14:34:39.000000', 6),
(182, '2025-08-07 14:34:39.000000', 'B07', b'1', '2025-08-07 14:34:39.000000', 6),
(183, '2025-08-07 14:34:39.000000', 'A08', b'1', '2025-08-07 14:34:39.000000', 6),
(184, '2025-08-07 14:34:39.000000', 'B08', b'1', '2025-08-07 14:34:39.000000', 6),
(185, '2025-08-07 14:34:39.000000', 'A09', b'1', '2025-08-07 14:34:39.000000', 6),
(186, '2025-08-07 14:34:39.000000', 'B09', b'1', '2025-08-07 14:34:39.000000', 6),
(187, '2025-08-07 14:34:39.000000', 'A10', b'1', '2025-08-07 14:34:39.000000', 6),
(188, '2025-08-07 14:34:39.000000', 'B10', b'1', '2025-08-07 14:34:39.000000', 6),
(189, '2025-08-07 14:34:39.000000', 'A11', b'1', '2025-08-07 14:34:39.000000', 6),
(190, '2025-08-07 14:34:39.000000', 'B11', b'1', '2025-08-07 14:34:39.000000', 6),
(191, '2025-08-07 14:34:39.000000', 'A12', b'1', '2025-08-07 14:34:39.000000', 6),
(192, '2025-08-07 14:34:39.000000', 'B12', b'1', '2025-08-07 14:34:39.000000', 6),
(193, '2025-08-07 14:34:39.000000', 'A13', b'1', '2025-08-07 14:34:39.000000', 6),
(194, '2025-08-07 14:34:39.000000', 'B13', b'1', '2025-08-07 14:34:39.000000', 6),
(195, '2025-08-07 14:34:39.000000', 'A14', b'1', '2025-08-07 14:34:39.000000', 6),
(196, '2025-08-07 14:34:39.000000', 'B14', b'1', '2025-08-07 14:34:39.000000', 6),
(197, '2025-08-07 14:34:39.000000', 'A15', b'1', '2025-08-07 14:34:39.000000', 6),
(198, '2025-08-07 14:34:39.000000', 'B15', b'1', '2025-08-07 14:34:39.000000', 6),
(199, '2025-08-07 14:34:39.000000', 'A16', b'1', '2025-08-07 14:34:39.000000', 6),
(200, '2025-08-07 14:34:39.000000', 'B16', b'1', '2025-08-07 14:34:39.000000', 6),
(201, '2025-08-07 14:34:39.000000', 'A17', b'1', '2025-08-07 14:34:39.000000', 6),
(202, '2025-08-07 14:34:39.000000', 'B17', b'1', '2025-08-07 14:34:39.000000', 6),
(203, '2025-08-07 14:34:39.000000', 'A18', b'1', '2025-08-07 14:34:39.000000', 6),
(204, '2025-08-07 14:34:39.000000', 'B18', b'1', '2025-08-07 14:34:39.000000', 6),
(205, '2025-08-07 14:34:39.000000', 'A19', b'1', '2025-08-07 14:34:39.000000', 6),
(206, '2025-08-07 14:34:39.000000', 'B19', b'1', '2025-08-07 14:34:39.000000', 6),
(207, '2025-08-07 14:34:39.000000', 'A20', b'1', '2025-08-07 14:34:39.000000', 6),
(208, '2025-08-07 14:34:39.000000', 'B20', b'1', '2025-08-07 14:34:39.000000', 6),
(209, '2025-08-07 14:34:39.000000', 'A21', b'1', '2025-08-07 14:34:39.000000', 6),
(210, '2025-08-07 14:34:39.000000', 'B21', b'1', '2025-08-07 14:34:39.000000', 6),
(211, '2025-08-07 14:34:59.000000', 'A01', b'1', '2025-08-07 14:34:59.000000', 7),
(212, '2025-08-07 14:34:59.000000', 'B01', b'1', '2025-08-07 14:34:59.000000', 7),
(213, '2025-08-07 14:34:59.000000', 'A02', b'1', '2025-08-07 14:34:59.000000', 7),
(214, '2025-08-07 14:34:59.000000', 'B02', b'1', '2025-08-07 14:34:59.000000', 7),
(215, '2025-08-07 14:34:59.000000', 'A03', b'1', '2025-08-07 14:34:59.000000', 7),
(216, '2025-08-07 14:34:59.000000', 'B03', b'1', '2025-08-07 14:34:59.000000', 7),
(217, '2025-08-07 14:34:59.000000', 'A04', b'1', '2025-08-07 14:34:59.000000', 7),
(218, '2025-08-07 14:34:59.000000', 'B04', b'1', '2025-08-07 14:34:59.000000', 7),
(219, '2025-08-07 14:34:59.000000', 'A05', b'1', '2025-08-07 14:34:59.000000', 7),
(220, '2025-08-07 14:34:59.000000', 'B05', b'1', '2025-08-07 14:34:59.000000', 7),
(221, '2025-08-07 14:34:59.000000', 'A06', b'1', '2025-08-07 14:34:59.000000', 7),
(222, '2025-08-07 14:34:59.000000', 'B06', b'1', '2025-08-07 14:34:59.000000', 7),
(223, '2025-08-07 14:34:59.000000', 'A07', b'1', '2025-08-07 14:34:59.000000', 7),
(224, '2025-08-07 14:34:59.000000', 'B07', b'1', '2025-08-07 14:34:59.000000', 7),
(225, '2025-08-07 14:34:59.000000', 'A08', b'1', '2025-08-07 14:34:59.000000', 7),
(226, '2025-08-07 14:34:59.000000', 'B08', b'1', '2025-08-07 14:34:59.000000', 7),
(227, '2025-08-07 14:34:59.000000', 'A09', b'1', '2025-08-07 14:34:59.000000', 7),
(228, '2025-08-07 14:34:59.000000', 'B09', b'1', '2025-08-07 14:34:59.000000', 7),
(229, '2025-08-07 14:34:59.000000', 'A10', b'1', '2025-08-07 14:34:59.000000', 7),
(230, '2025-08-07 14:34:59.000000', 'B10', b'1', '2025-08-07 14:34:59.000000', 7),
(231, '2025-08-07 14:34:59.000000', 'A11', b'1', '2025-08-07 14:34:59.000000', 7),
(232, '2025-08-07 14:34:59.000000', 'B11', b'1', '2025-08-07 14:34:59.000000', 7),
(233, '2025-08-07 14:34:59.000000', 'A12', b'1', '2025-08-07 14:34:59.000000', 7),
(234, '2025-08-07 14:34:59.000000', 'B12', b'1', '2025-08-07 14:34:59.000000', 7),
(235, '2025-08-07 14:34:59.000000', 'A13', b'1', '2025-08-07 14:34:59.000000', 7),
(236, '2025-08-07 14:34:59.000000', 'B13', b'1', '2025-08-07 14:34:59.000000', 7),
(237, '2025-08-07 14:34:59.000000', 'A14', b'1', '2025-08-07 14:34:59.000000', 7),
(238, '2025-08-07 14:34:59.000000', 'B14', b'1', '2025-08-07 14:34:59.000000', 7),
(239, '2025-08-07 14:35:08.000000', 'A01', b'1', '2025-08-07 14:35:08.000000', 8),
(240, '2025-08-07 14:35:08.000000', 'B01', b'1', '2025-08-07 14:35:08.000000', 8),
(241, '2025-08-07 14:35:08.000000', 'A02', b'1', '2025-08-07 14:35:08.000000', 8),
(242, '2025-08-07 14:35:08.000000', 'B02', b'1', '2025-08-07 14:35:08.000000', 8),
(243, '2025-08-07 14:35:08.000000', 'A03', b'1', '2025-08-07 14:35:08.000000', 8),
(244, '2025-08-07 14:35:08.000000', 'B03', b'1', '2025-08-07 14:35:08.000000', 8),
(245, '2025-08-07 14:35:08.000000', 'A04', b'1', '2025-08-07 14:35:08.000000', 8),
(246, '2025-08-07 14:35:08.000000', 'B04', b'1', '2025-08-07 14:35:08.000000', 8),
(247, '2025-08-07 14:35:08.000000', 'A05', b'1', '2025-08-07 14:35:08.000000', 8),
(248, '2025-08-07 14:35:08.000000', 'B05', b'1', '2025-08-07 14:35:08.000000', 8),
(249, '2025-08-07 14:35:08.000000', 'A06', b'1', '2025-08-07 14:35:08.000000', 8),
(250, '2025-08-07 14:35:08.000000', 'B06', b'1', '2025-08-07 14:35:08.000000', 8),
(251, '2025-08-07 14:35:08.000000', 'A07', b'1', '2025-08-07 14:35:08.000000', 8),
(252, '2025-08-07 14:35:08.000000', 'B07', b'1', '2025-08-07 14:35:08.000000', 8),
(253, '2025-08-07 14:35:08.000000', 'A08', b'1', '2025-08-07 14:35:08.000000', 8),
(254, '2025-08-07 14:35:08.000000', 'B08', b'1', '2025-08-07 14:35:08.000000', 8),
(255, '2025-08-07 14:35:08.000000', 'A09', b'1', '2025-08-07 14:35:08.000000', 8),
(256, '2025-08-07 14:35:09.000000', 'B09', b'1', '2025-08-07 14:35:09.000000', 8),
(257, '2025-08-07 14:35:09.000000', 'A10', b'1', '2025-08-07 14:35:09.000000', 8),
(258, '2025-08-07 14:35:09.000000', 'B10', b'1', '2025-08-07 14:35:09.000000', 8),
(259, '2025-08-07 14:35:09.000000', 'A11', b'1', '2025-08-07 14:35:09.000000', 8),
(260, '2025-08-07 14:35:09.000000', 'B11', b'1', '2025-08-07 14:35:09.000000', 8),
(261, '2025-08-07 14:35:09.000000', 'A12', b'1', '2025-08-07 14:35:09.000000', 8),
(262, '2025-08-07 14:35:09.000000', 'B12', b'1', '2025-08-07 14:35:09.000000', 8),
(263, '2025-08-07 14:35:09.000000', 'A13', b'1', '2025-08-07 14:35:09.000000', 8),
(264, '2025-08-07 14:35:09.000000', 'B13', b'1', '2025-08-07 14:35:09.000000', 8),
(265, '2025-08-07 14:35:09.000000', 'A14', b'1', '2025-08-07 14:35:09.000000', 8),
(266, '2025-08-07 14:35:09.000000', 'B14', b'1', '2025-08-07 14:35:09.000000', 8),
(267, '2025-08-07 14:35:09.000000', 'A15', b'1', '2025-08-07 14:35:09.000000', 8),
(268, '2025-08-07 14:35:09.000000', 'B15', b'1', '2025-08-07 14:35:09.000000', 8),
(269, '2025-08-07 14:35:09.000000', 'A16', b'1', '2025-08-07 14:35:09.000000', 8),
(270, '2025-08-07 14:35:09.000000', 'B16', b'1', '2025-08-07 14:35:09.000000', 8),
(271, '2025-08-07 14:35:09.000000', 'A17', b'1', '2025-08-07 14:35:09.000000', 8),
(272, '2025-08-07 14:35:09.000000', 'B17', b'1', '2025-08-07 14:35:09.000000', 8),
(273, '2025-08-07 14:35:09.000000', 'A18', b'1', '2025-08-07 14:35:09.000000', 8),
(274, '2025-08-07 14:35:09.000000', 'B18', b'1', '2025-08-07 14:35:09.000000', 8),
(275, '2025-08-07 14:35:09.000000', 'A19', b'1', '2025-08-07 14:35:09.000000', 8),
(276, '2025-08-07 14:35:09.000000', 'B19', b'1', '2025-08-07 14:35:09.000000', 8),
(277, '2025-08-07 14:35:09.000000', 'A20', b'1', '2025-08-07 14:35:09.000000', 8),
(278, '2025-08-07 14:35:09.000000', 'B20', b'1', '2025-08-07 14:35:09.000000', 8),
(279, '2025-08-07 14:35:09.000000', 'A21', b'1', '2025-08-07 14:35:09.000000', 8),
(280, '2025-08-07 14:35:09.000000', 'B21', b'1', '2025-08-07 14:35:09.000000', 8);

-- --------------------------------------------------------

--
-- Cấu trúc bảng cho bảng `ticket`
--

CREATE TABLE `ticket` (
  `id` int(11) NOT NULL,
  `created_at` datetime(6) DEFAULT NULL,
  `status` int(11) NOT NULL,
  `updated_at` datetime(6) DEFAULT NULL,
  `id_bus_trip` int(11) DEFAULT NULL,
  `id_invoice` int(11) DEFAULT NULL,
  `id_seat_position` int(11) DEFAULT NULL
) ENGINE=InnoDB DEFAULT CHARSET=utf8mb4 COLLATE=utf8mb4_general_ci;

--
-- Đang đổ dữ liệu cho bảng `ticket`
--

INSERT INTO `ticket` (`id`, `created_at`, `status`, `updated_at`, `id_bus_trip`, `id_invoice`, `id_seat_position`) VALUES
(1, '2025-08-07 14:49:50.000000', 0, '2025-08-19 08:42:09.000000', 1, 1, 213),
(2, '2025-08-07 14:49:50.000000', 0, '2025-08-19 08:42:11.000000', 1, 1, 215),
(3, '2025-08-07 14:50:52.000000', 4, '2025-08-07 15:04:34.000000', 1, 2, 110),
(4, '2025-08-07 14:50:52.000000', 4, '2025-08-07 15:04:57.000000', 1, 2, 112),
(5, '2025-08-07 14:50:52.000000', 5, '2025-08-19 19:27:12.000000', 1, 2, 102),
(6, '2025-08-07 14:50:52.000000', 5, '2025-08-19 19:27:12.000000', 1, 2, 240),
(7, '2025-08-07 14:56:23.000000', 0, '2025-08-19 15:55:49.000000', 1, 3, 212),
(8, '2025-08-07 14:56:23.000000', 0, '2025-08-19 15:55:53.000000', 1, 3, 214),
(9, '2025-08-07 14:56:23.000000', 0, '2025-08-19 16:51:04.000000', 4, 4, 104),
(10, '2025-08-07 14:57:59.000000', 5, '2025-08-19 18:58:08.000000', 1, 5, 216),
(11, '2025-08-07 14:57:59.000000', 0, '2025-08-19 19:31:31.000000', 1, 5, 222),
(12, '2025-08-07 14:57:59.000000', 0, '2025-08-19 19:31:36.000000', 1, 5, 220),
(13, '2025-08-07 14:57:59.000000', 0, '2025-08-19 19:31:39.000000', 1, 5, 218);

-- --------------------------------------------------------

--
-- Cấu trúc bảng cho bảng `user`
--

CREATE TABLE `user` (
  `id` int(11) NOT NULL,
  `avatar` varchar(255) DEFAULT NULL,
  `birth_date` date DEFAULT NULL,
  `cccd` varchar(255) DEFAULT NULL,
  `created_at` datetime(6) DEFAULT NULL,
  `gender` int(11) NOT NULL,
  `name` varchar(255) DEFAULT NULL,
  `phone` varchar(255) DEFAULT NULL,
  `updated_at` datetime(6) DEFAULT NULL,
  `id_account` int(11) DEFAULT NULL
) ENGINE=InnoDB DEFAULT CHARSET=utf8mb4 COLLATE=utf8mb4_general_ci;

--
-- Đang đổ dữ liệu cho bảng `user`
--

INSERT INTO `user` (`id`, `avatar`, `birth_date`, `cccd`, `created_at`, `gender`, `name`, `phone`, `updated_at`, `id_account`) VALUES
(1, 'https://res.cloudinary.com/dxxswaeor/image/upload/v1754552356/file_brn8xu.png', '1993-02-09', '123456789123', '2025-08-07 14:39:16.000000', 1, 'Nguyến Văn A', '0373584933', '2025-08-07 14:39:16.000000', 1),
(2, 'https://res.cloudinary.com/dxxswaeor/image/upload/v1754552384/file_xiayrv.jpg', '1993-02-09', '123456789124', '2025-08-07 14:39:44.000000', 1, 'Nguyến Văn B', '0373584931', '2025-08-07 14:39:44.000000', 2),
(3, 'https://res.cloudinary.com/dxxswaeor/image/upload/v1754552408/file_qzibt6.jpg', '1993-02-09', '123456789125', '2025-08-07 14:40:08.000000', 1, 'Nguyến Văn C', '0373584937', '2025-08-07 14:40:08.000000', 4),
(4, 'https://res.cloudinary.com/dxxswaeor/image/upload/v1754553180/file_uuazje.png', '2000-08-06', '212465738492', '2025-08-07 14:47:09.000000', 1, 'Phan Văn Tiến', '0274856374', '2025-08-07 14:53:00.000000', 5),
(14, 'https://lh3.googleusercontent.com/a/ACg8ocIgXgzov34b9SYCoqU9cC14TE0GspXKYw1rnU6RECcmfNWExg=s96-c', NULL, NULL, '2025-08-09 16:53:14.000000', 0, 'Tiến Phan', NULL, '2025-08-09 16:53:14.000000', 15),
(15, 'https://res.cloudinary.com/dxxswaeor/image/upload/v1754751929/file_zacrzf.jpg', '2025-08-12', '128573645323', '2025-08-09 22:02:21.000000', 1, 'D21CQCN01-N PHAN VAN TIEN', '0373584922', '2025-08-09 22:05:29.000000', 16),
(16, 'https://res.cloudinary.com/dxxswaeor/image/upload/v1754752089/file_occr1d.jpg', '2025-08-22', '123456789011', '2025-08-09 22:06:48.000000', 1, 'Phan Tiến', '0346284959', '2025-08-09 22:08:09.000000', 17),
(18, 'https://res.cloudinary.com/dxxswaeor/image/upload/v1753078869/file_afjup6.jpg', NULL, NULL, '2025-08-09 22:13:26.000000', 0, 'Phan Tien', '0346284953', '2025-08-09 22:13:26.000000', 19),
(19, 'https://res.cloudinary.com/dxxswaeor/image/upload/v1755597220/file_k6szgr.jpg', '2025-08-06', '123456765457', '2025-08-19 16:53:40.000000', 1, 'Tài xế 4', '0827465741', '2025-08-19 16:53:40.000000', 20),
(21, 'https://res.cloudinary.com/dxxswaeor/image/upload/v1753078869/file_afjup6.jpg', '2025-08-20', '123456219012', '2025-08-19 18:21:54.000000', 2, 'Phan Văn Tiến', '0342284956', '2025-08-19 18:21:54.000000', 24);

--
-- Chỉ mục cho các bảng đã đổ
--

--
-- Chỉ mục cho bảng `account`
--
ALTER TABLE `account`
  ADD PRIMARY KEY (`id`),
  ADD KEY `FKfs8rn86mtgrcdmqjggp32nx2p` (`role`);

--
-- Chỉ mục cho bảng `bank_details`
--
ALTER TABLE `bank_details`
  ADD PRIMARY KEY (`id`),
  ADD KEY `FKo13wsxm3ry5smdi1n4p9rr8pv` (`id_invoice`),
  ADD KEY `FKjmimgviv920qxf5ewijtv7oj0` (`id_user`);

--
-- Chỉ mục cho bảng `bus`
--
ALTER TABLE `bus`
  ADD PRIMARY KEY (`id`),
  ADD KEY `FK9d3wwf7hmeb8kydywkq601tdy` (`id_bus_type`);

--
-- Chỉ mục cho bảng `busroute`
--
ALTER TABLE `busroute`
  ADD PRIMARY KEY (`id`),
  ADD KEY `FKddd04vtj82ocuxtw7m07o33ce` (`id_bus_station_from`),
  ADD KEY `FK5nlhcrt67y49iw1n9e4xbgajr` (`id_bus_station_to`);

--
-- Chỉ mục cho bảng `busstations`
--
ALTER TABLE `busstations`
  ADD PRIMARY KEY (`id`),
  ADD KEY `FKcwosp9pcuk9sdlclub4r2b2s5` (`id_province`);

--
-- Chỉ mục cho bảng `bustrip`
--
ALTER TABLE `bustrip`
  ADD PRIMARY KEY (`id`),
  ADD KEY `FK1fd3tt1uqjro9hruiso46ujft` (`id_bus`),
  ADD KEY `FKm4d2a947mahtfrv87su8mw61v` (`id_bus_route`),
  ADD KEY `FKbnelhf8rmms302gamtodfs3n` (`id_driver`);

--
-- Chỉ mục cho bảng `bustype`
--
ALTER TABLE `bustype`
  ADD PRIMARY KEY (`id`);

--
-- Chỉ mục cho bảng `changehistoryticket`
--
ALTER TABLE `changehistoryticket`
  ADD PRIMARY KEY (`id`),
  ADD KEY `FKpc0o5ye7vr5g29sbcmyrl2xdg` (`id_bus_trip`),
  ADD KEY `FKqhfet3fu0621nqbgh7l88if2s` (`id_seat_positon`),
  ADD KEY `FKfyol6dl74mtmoi7cs57t9pki4` (`id_ticket`);

--
-- Chỉ mục cho bảng `invoice`
--
ALTER TABLE `invoice`
  ADD PRIMARY KEY (`id`),
  ADD KEY `FKqp7aa8tsj8u4adxd7ipro5sg9` (`id_bus_trip`),
  ADD KEY `FKbub7c17bl8pbefd91y21ovrr3` (`id_user`);

--
-- Chỉ mục cho bảng `otp`
--
ALTER TABLE `otp`
  ADD PRIMARY KEY (`id`);

--
-- Chỉ mục cho bảng `province`
--
ALTER TABLE `province`
  ADD PRIMARY KEY (`id`),
  ADD UNIQUE KEY `UK_ixpn85566lwxgajun8msnplik` (`name`);

--
-- Chỉ mục cho bảng `role`
--
ALTER TABLE `role`
  ADD PRIMARY KEY (`id`);

--
-- Chỉ mục cho bảng `route`
--
ALTER TABLE `route`
  ADD PRIMARY KEY (`id`),
  ADD KEY `FKbe1dao21ycwf60bdl0vjxfdjs` (`id_bus_route`),
  ADD KEY `FKmmpp2erj89cbs91b3flhu3kq` (`id_bus_station`);

--
-- Chỉ mục cho bảng `seatposition`
--
ALTER TABLE `seatposition`
  ADD PRIMARY KEY (`id`),
  ADD KEY `FKtc6nabxm16pxgrjeh2l90bx9t` (`id_bus`);

--
-- Chỉ mục cho bảng `ticket`
--
ALTER TABLE `ticket`
  ADD PRIMARY KEY (`id`),
  ADD KEY `FKncrgtlp30tppxvoapywv68vbp` (`id_bus_trip`),
  ADD KEY `FK12j2qlekqc5lsijmr2pjlbiur` (`id_invoice`),
  ADD KEY `FK1my700hbodyyhdrrmwp7l3626` (`id_seat_position`);

--
-- Chỉ mục cho bảng `user`
--
ALTER TABLE `user`
  ADD PRIMARY KEY (`id`),
  ADD UNIQUE KEY `UK_31mo2ywg0rdercw43o44y2ddg` (`id_account`);

--
-- AUTO_INCREMENT cho các bảng đã đổ
--

--
-- AUTO_INCREMENT cho bảng `account`
--
ALTER TABLE `account`
  MODIFY `id` int(11) NOT NULL AUTO_INCREMENT, AUTO_INCREMENT=25;

--
-- AUTO_INCREMENT cho bảng `bank_details`
--
ALTER TABLE `bank_details`
  MODIFY `id` int(11) NOT NULL AUTO_INCREMENT, AUTO_INCREMENT=2;

--
-- AUTO_INCREMENT cho bảng `bus`
--
ALTER TABLE `bus`
  MODIFY `id` int(11) NOT NULL AUTO_INCREMENT, AUTO_INCREMENT=9;

--
-- AUTO_INCREMENT cho bảng `busroute`
--
ALTER TABLE `busroute`
  MODIFY `id` int(11) NOT NULL AUTO_INCREMENT, AUTO_INCREMENT=6;

--
-- AUTO_INCREMENT cho bảng `busstations`
--
ALTER TABLE `busstations`
  MODIFY `id` int(11) NOT NULL AUTO_INCREMENT, AUTO_INCREMENT=9;

--
-- AUTO_INCREMENT cho bảng `bustrip`
--
ALTER TABLE `bustrip`
  MODIFY `id` int(11) NOT NULL AUTO_INCREMENT, AUTO_INCREMENT=6;

--
-- AUTO_INCREMENT cho bảng `bustype`
--
ALTER TABLE `bustype`
  MODIFY `id` int(11) NOT NULL AUTO_INCREMENT, AUTO_INCREMENT=6;

--
-- AUTO_INCREMENT cho bảng `changehistoryticket`
--
ALTER TABLE `changehistoryticket`
  MODIFY `id` int(11) NOT NULL AUTO_INCREMENT, AUTO_INCREMENT=4;

--
-- AUTO_INCREMENT cho bảng `invoice`
--
ALTER TABLE `invoice`
  MODIFY `id` int(11) NOT NULL AUTO_INCREMENT, AUTO_INCREMENT=6;

--
-- AUTO_INCREMENT cho bảng `otp`
--
ALTER TABLE `otp`
  MODIFY `id` int(11) NOT NULL AUTO_INCREMENT, AUTO_INCREMENT=8;

--
-- AUTO_INCREMENT cho bảng `province`
--
ALTER TABLE `province`
  MODIFY `id` int(11) NOT NULL AUTO_INCREMENT, AUTO_INCREMENT=7;

--
-- AUTO_INCREMENT cho bảng `role`
--
ALTER TABLE `role`
  MODIFY `id` int(11) NOT NULL AUTO_INCREMENT, AUTO_INCREMENT=4;

--
-- AUTO_INCREMENT cho bảng `route`
--
ALTER TABLE `route`
  MODIFY `id` int(11) NOT NULL AUTO_INCREMENT, AUTO_INCREMENT=20;

--
-- AUTO_INCREMENT cho bảng `seatposition`
--
ALTER TABLE `seatposition`
  MODIFY `id` int(11) NOT NULL AUTO_INCREMENT, AUTO_INCREMENT=281;

--
-- AUTO_INCREMENT cho bảng `ticket`
--
ALTER TABLE `ticket`
  MODIFY `id` int(11) NOT NULL AUTO_INCREMENT, AUTO_INCREMENT=14;

--
-- AUTO_INCREMENT cho bảng `user`
--
ALTER TABLE `user`
  MODIFY `id` int(11) NOT NULL AUTO_INCREMENT, AUTO_INCREMENT=22;

--
-- Các ràng buộc cho các bảng đã đổ
--

--
-- Các ràng buộc cho bảng `account`
--
ALTER TABLE `account`
  ADD CONSTRAINT `FKfs8rn86mtgrcdmqjggp32nx2p` FOREIGN KEY (`role`) REFERENCES `role` (`id`);

--
-- Các ràng buộc cho bảng `bank_details`
--
ALTER TABLE `bank_details`
  ADD CONSTRAINT `FKjmimgviv920qxf5ewijtv7oj0` FOREIGN KEY (`id_user`) REFERENCES `user` (`id`),
  ADD CONSTRAINT `FKo13wsxm3ry5smdi1n4p9rr8pv` FOREIGN KEY (`id_invoice`) REFERENCES `invoice` (`id`);

--
-- Các ràng buộc cho bảng `bus`
--
ALTER TABLE `bus`
  ADD CONSTRAINT `FK9d3wwf7hmeb8kydywkq601tdy` FOREIGN KEY (`id_bus_type`) REFERENCES `bustype` (`id`);

--
-- Các ràng buộc cho bảng `busroute`
--
ALTER TABLE `busroute`
  ADD CONSTRAINT `FK5nlhcrt67y49iw1n9e4xbgajr` FOREIGN KEY (`id_bus_station_to`) REFERENCES `busstations` (`id`),
  ADD CONSTRAINT `FKddd04vtj82ocuxtw7m07o33ce` FOREIGN KEY (`id_bus_station_from`) REFERENCES `busstations` (`id`);

--
-- Các ràng buộc cho bảng `busstations`
--
ALTER TABLE `busstations`
  ADD CONSTRAINT `FKcwosp9pcuk9sdlclub4r2b2s5` FOREIGN KEY (`id_province`) REFERENCES `province` (`id`);

--
-- Các ràng buộc cho bảng `bustrip`
--
ALTER TABLE `bustrip`
  ADD CONSTRAINT `FK1fd3tt1uqjro9hruiso46ujft` FOREIGN KEY (`id_bus`) REFERENCES `bus` (`id`),
  ADD CONSTRAINT `FKbnelhf8rmms302gamtodfs3n` FOREIGN KEY (`id_driver`) REFERENCES `user` (`id`),
  ADD CONSTRAINT `FKm4d2a947mahtfrv87su8mw61v` FOREIGN KEY (`id_bus_route`) REFERENCES `busroute` (`id`);

--
-- Các ràng buộc cho bảng `changehistoryticket`
--
ALTER TABLE `changehistoryticket`
  ADD CONSTRAINT `FKfyol6dl74mtmoi7cs57t9pki4` FOREIGN KEY (`id_ticket`) REFERENCES `ticket` (`id`),
  ADD CONSTRAINT `FKpc0o5ye7vr5g29sbcmyrl2xdg` FOREIGN KEY (`id_bus_trip`) REFERENCES `bustrip` (`id`),
  ADD CONSTRAINT `FKqhfet3fu0621nqbgh7l88if2s` FOREIGN KEY (`id_seat_positon`) REFERENCES `seatposition` (`id`);

--
-- Các ràng buộc cho bảng `invoice`
--
ALTER TABLE `invoice`
  ADD CONSTRAINT `FKbub7c17bl8pbefd91y21ovrr3` FOREIGN KEY (`id_user`) REFERENCES `user` (`id`),
  ADD CONSTRAINT `FKqp7aa8tsj8u4adxd7ipro5sg9` FOREIGN KEY (`id_bus_trip`) REFERENCES `bustrip` (`id`);

--
-- Các ràng buộc cho bảng `route`
--
ALTER TABLE `route`
  ADD CONSTRAINT `FKbe1dao21ycwf60bdl0vjxfdjs` FOREIGN KEY (`id_bus_route`) REFERENCES `busroute` (`id`),
  ADD CONSTRAINT `FKmmpp2erj89cbs91b3flhu3kq` FOREIGN KEY (`id_bus_station`) REFERENCES `busstations` (`id`);

--
-- Các ràng buộc cho bảng `seatposition`
--
ALTER TABLE `seatposition`
  ADD CONSTRAINT `FKtc6nabxm16pxgrjeh2l90bx9t` FOREIGN KEY (`id_bus`) REFERENCES `bus` (`id`);

--
-- Các ràng buộc cho bảng `ticket`
--
ALTER TABLE `ticket`
  ADD CONSTRAINT `FK12j2qlekqc5lsijmr2pjlbiur` FOREIGN KEY (`id_invoice`) REFERENCES `invoice` (`id`),
  ADD CONSTRAINT `FK1my700hbodyyhdrrmwp7l3626` FOREIGN KEY (`id_seat_position`) REFERENCES `seatposition` (`id`),
  ADD CONSTRAINT `FKncrgtlp30tppxvoapywv68vbp` FOREIGN KEY (`id_bus_trip`) REFERENCES `bustrip` (`id`);

--
-- Các ràng buộc cho bảng `user`
--
ALTER TABLE `user`
  ADD CONSTRAINT `FKol9lgnwinqxhgm253ffpxrj6k` FOREIGN KEY (`id_account`) REFERENCES `account` (`id`);
COMMIT;

/*!40101 SET CHARACTER_SET_CLIENT=@OLD_CHARACTER_SET_CLIENT */;
/*!40101 SET CHARACTER_SET_RESULTS=@OLD_CHARACTER_SET_RESULTS */;
/*!40101 SET COLLATION_CONNECTION=@OLD_COLLATION_CONNECTION */;
